model	E_kin	U	e	eb1_1	eb2_1	eb3_1	eb4_1	eb5_1	eb6_1	eb7_1	eb8_1	mu	tb1_1	tb2_1	tb3_1	tb4_1	tb5_1	tb6_1	tb7_1	tb8_1	tpd	tpp	tppp	ave_e	ave_mu	ave_tpd	ave_tpp	ave_tppp	ave_U_1	ave_eb1_1	ave_eb2_1	ave_eb3_1	ave_eb4_1	ave_eb5_1	ave_eb6_1	ave_eb7_1	ave_eb8_1	ave_mu_1	ave_tb1_1	ave_tb2_1	ave_tb3_1	ave_tb4_1	ave_tb5_1	ave_tb6_1	ave_tb7_1	ave_tb8_1	var_U_1	var_eb1_1	var_eb2_1	var_eb3_1	var_eb4_1	var_eb5_1	var_eb6_1	var_eb7_1	var_eb8_1	var_mu_1	var_tb1_1	var_tb2_1	var_tb3_1	var_tb4_1	var_tb5_1	var_tb6_1	var_tb7_1	var_tb8_1	E0_1	sector_1	E0_2	sector_2	githash	version	iterations	dist_function	distance	diff_hybrid	time
2x2_2C_8b_C2v_L	10.527701	10	2.9573	-0.037323993	-5.2491838	-5.2347764	-0.071455888	-5.2337525	-0.071354498	-0.045002177	-4.7992844	12.82	0.063243624	1.1201064	-1.5912032	0.1211234	1.5910585	0.12106261	-0.14199368	-2.0198006	1.9665	1	0.2546	1.3123941	1.9191114	-0.1586458	-0.067706437	0.030534565	0.37692812	0.0016754268	1.9629476	1.6595629	0.0040757359	1.659274	0.004067257	0.00098844032	1.2276669	1.3699354	-0.19271349	-0.37530806	1.8884592	-0.23783577	-1.8896442	-0.23756754	0.12166991	3.4155655	0.056563406	0.0016736569	0.03825712	0.32809205	0.0040728639	0.32830271	0.0040644062	0.00098805921	0.47752446	0.057760203	7.0257414	1.2017408	3.5295049	5.331616	3.5296492	5.3305799	4.2010123	1.420221	-102.15895	R0:N12:S0:1	-78.9016	uncorrelated	b7fd39a	v1.0.3	0	sharp_wc_2.0_b_50	 1.62e+02	 1.00e+06	2022-07-11@12:12
