model	E_kin	D	U	e	eb1_1	eb2_1	eb3_1	eb4_1	eb5_1	eb6_1	eb7_1	eb8_1	mu	sb1_1	sb2_1	sb3_1	sb4_1	sb5_1	sb6_1	sb7_1	sb8_1	tb1_1	tb2_1	tb3_1	tb4_1	tb5_1	tb6_1	tb7_1	tb8_1	tpd	tpp	tppp	ave_D	ave_e	ave_mu	ave_tpd	ave_tpp	ave_tppp	ave_U_1	ave_eb1_1	ave_eb2_1	ave_eb3_1	ave_eb4_1	ave_eb5_1	ave_eb6_1	ave_eb7_1	ave_eb8_1	ave_mu_1	ave_sb1_1	ave_sb2_1	ave_sb3_1	ave_sb4_1	ave_sb5_1	ave_sb6_1	ave_sb7_1	ave_sb8_1	ave_tb1_1	ave_tb2_1	ave_tb3_1	ave_tb4_1	ave_tb5_1	ave_tb6_1	ave_tb7_1	ave_tb8_1	var_U_1	var_eb1_1	var_eb2_1	var_eb3_1	var_eb4_1	var_eb5_1	var_eb6_1	var_eb7_1	var_eb8_1	var_mu_1	var_sb1_1	var_sb2_1	var_sb3_1	var_sb4_1	var_sb5_1	var_sb6_1	var_sb7_1	var_sb8_1	var_tb1_1	var_tb2_1	var_tb3_1	var_tb4_1	var_tb5_1	var_tb6_1	var_tb7_1	var_tb8_1	E0_1	sector_1	E0_2	sector_2	githash	version	iterations	dist_function	distance	diff_hybrid	time
2x2_2C_8b_C2v_L	4.1185996	0	14	2.0097	-0.056578675	-3.9990328	-4.7322474	-0.080708162	-4.7358851	-0.082026374	0.0069490003	-4.1956431	9.9	2.7255893e-05	-3.9392001e-05	0.0096275524	-0.080958847	0.0096789825	-0.081124305	0.11488945	-2.4729781e-05	-0.12271767	-1.1884988	1.8339676	0.11585518	-1.8345174	-0.11603378	-0.00063835261	-2.3559138	2.1394	1	0.2577	0.012089472	1.2799901	1.6481757	-0.50625054	-0.13078168	0.05558634	0.13467729	1.99796	1.9632286	1.8560222	1.7574885	1.8558886	1.7597994	0.047800626	1.6963482	1.123771	-0.0019060165	-0.00021869607	0.082614064	0.63525536	0.082685374	0.63252682	-0.37679524	0.00018652909	0.10930376	0.61268622	-1.3913295	-0.58432436	1.3926525	0.58275124	0.0016662456	2.1942429	0.029096456	0.0020982837	0.036783501	0.13680516	0.2451603	0.1369331	0.242613	0.047733746	0.2633307	0.031584499	5.4349897	5.6146876	5.170784	4.8688872	5.1700872	4.8658933	4.3347837	5.5914134	2.5825757	2.6908356	3.5273228	4.4228403	3.5299434	4.4199275	3.9237858	3.4620738	-81.196313	R0:S0:1	-63.1224	uncorrelated	b7fd39a	v1.0.3	4	sharp_wc_2.0_b_50	 8.45e+01	 2.64e-03	2022-05-31@23:50