model	E_kin	U	e	eb1_1	eb2_1	eb3_1	eb4_1	eb5_1	eb6_1	eb7_1	eb8_1	mu	tb1_1	tb2_1	tb3_1	tb4_1	tb5_1	tb6_1	tb7_1	tb8_1	ave_e	ave_mu	ave_U_1	ave_eb1_1	ave_eb2_1	ave_eb3_1	ave_eb4_1	ave_eb5_1	ave_eb6_1	ave_eb7_1	ave_eb8_1	ave_mu_1	ave_tb1_1	ave_tb2_1	ave_tb3_1	ave_tb4_1	ave_tb5_1	ave_tb6_1	ave_tb7_1	ave_tb8_1	var_U_1	var_eb1_1	var_eb2_1	var_eb3_1	var_eb4_1	var_eb5_1	var_eb6_1	var_eb7_1	var_eb8_1	var_mu_1	var_tb1_1	var_tb2_1	var_tb3_1	var_tb4_1	var_tb5_1	var_tb6_1	var_tb7_1	var_tb8_1	E0_1	sector_1	E0_2	sector_2	githash	version	iterations	dist_function	distance	diff_hybrid	time
2x2_2C_8b_C2v_L	6	6.5	1.5	0.092118411	-2.1957602	-2.7381036	0.24894058	-2.7380656	0.24893761	0.29628048	-2.7779187	9.68	-0.0041921439	0.024074738	-0.025964788	0.0093093302	0.025964495	-0.009309326	0.013099573	-0.040230491	1.3333333	1.9999999	0.99217081	1.302624e-05	0.0047179228	1.7425261	5.8629663e-05	0.2838322	5.7876655e-05	0.00011332728	1.9999987	1.9921706	0.020376613	-0.38759097	0.12024307	-0.0432374	-0.79148781	0.042755132	-0.060152738	2.1074461e-05	0.0019309513	1.3026139e-05	0.0047041654	0.44522169	5.8627627e-05	0.46450161	5.7874678e-05	0.00011331967	2.274563e-06	0.0019311233	7.9809127	7.9175998	1.0938102	7.9849262	6.6670238	7.9077296	7.998032	0.00052710786	-62.48958	R0:N12:S0:1	-65.44	uncorrelated	b7fd39a	v1.0.3	0	sharp_wc_2.0_b_50	 1.41e-05	 1.00e+06	2022-06-28@08:12
