model	E_kin	U	e	eb1_1	eb2_1	eb3_1	eb4_1	eb5_1	eb6_1	eb7_1	eb8_1	mu	tb1_1	tb2_1	tb3_1	tb4_1	tb5_1	tb6_1	tb7_1	tb8_1	tpd	tpp	tppp	ave_e	ave_mu	ave_tpd	ave_tpp	ave_tppp	ave_U_1	ave_eb1_1	ave_eb2_1	ave_eb3_1	ave_eb4_1	ave_eb5_1	ave_eb6_1	ave_eb7_1	ave_eb8_1	ave_mu_1	ave_tb1_1	ave_tb2_1	ave_tb3_1	ave_tb4_1	ave_tb5_1	ave_tb6_1	ave_tb7_1	ave_tb8_1	var_U_1	var_eb1_1	var_eb2_1	var_eb3_1	var_eb4_1	var_eb5_1	var_eb6_1	var_eb7_1	var_eb8_1	var_mu_1	var_tb1_1	var_tb2_1	var_tb3_1	var_tb4_1	var_tb5_1	var_tb6_1	var_tb7_1	var_tb8_1	E0_1	sector_1	E0_2	sector_2	githash	version	iterations	dist_function	distance	diff_hybrid	time
2x2_2C_8b_C2v_L	6	6.5	1.5	0.092118349	-2.1957602	-2.7381036	0.24894063	-2.7380657	0.24893755	0.2962804	-2.7779187	9.2	-0.0041921416	0.024074753	-0.025964738	0.0093092247	0.025964511	-0.0093093643	0.013099565	-0.040230489	1e-09	1e-09	1e-09	1.3333333	1.9999958	0	0	0	0.64243922	1.4709355e-05	0.01400813	1.9505102	5.9760859e-05	1.9503738	5.9751423e-05	4.3716231e-05	1.5152071	1.6424307	0.020588534	-0.61038152	0.35891956	-0.039985982	-0.35971688	0.039979547	-0.023335776	2.8800421	0.026722912	1.4709222e-05	0.013880915	0.060804168	5.9758772e-05	0.060973837	5.9749337e-05	4.3715599e-05	0.39421886	0.026725542	7.8804774	7.7119237	1.3474599	7.3407062	1.350063	7.3396046	3.7167162	3.2398951	-58.809173	R0:N12:S0:1	-61.6	uncorrelated	b7fd39a	v1.0.3	0	sharp_wc_2.0_b_50	 1.41e-05	 1.00e+06	2022-07-13@09:24
